{
  "project_info": {
    "project_number": "641357195967",
    "firebase_url": "https://leciel18-devlab.firebaseio.com",
    "project_id": "leciel18-devlab",
    "storage_bucket": "leciel18-devlab.appspot.com"
  },
  "client": [
    {
      "client_info": {
        "mobilesdk_app_id": "1:641357195967:android:583925471c890a58",
        "android_client_info": {
          "package_name": "com.devlab.nitpy.leciel18"
        }
      },
      "oauth_client": [
        {
          "client_id": "641357195967-4ffeo3taa6nje5lfsannpq7n1hho6evk.apps.googleusercontent.com",
          "client_type": 3
        }
      ],
      "api_key": [
        {
          "current_key": "AIzaSyAaUyrX-88VEok2vl75IO1IuvKTfIK56xo"
        }
      ],
      "services": {
        "analytics_service": {
          "status": 1
        },
        "appinvite_service": {
          "status": 1,
          "other_platform_oauth_client": []
        },
        "ads_service": {
          "status": 2
        }
      }
    }
  ],
  "configuration_version": "1"
}